region,total_sales
West,710219.6844999999
East,669518.726
Central,492646.91319999995
South,389151.4589999998
