category,total_sales
Technology,827455.8729999998
Furniture,728658.5756999998
Office Supplies,705422.3339999996
